"OldPath","NewPath","Hash","状态"
"日志.md","日志.md","65EE12070DFB9C629696CFE3F79469C92BCADE585FA13C6742456F3EC931EB85","kept"
"索引.md","索引.md","7E3B5224014541F030200FA316879A5CEB335B71242073029F493EAA5F86531C","kept"
"AGENTS.md","AGENTS.md","B4AA959BEA2002379A7383C44FD242F9992602D6193629A32106D25E15BAB3A1","kept"
"README.md","README.md","8439CF46D69C02A3C178BFFCCEDD69F80D95C15770F9D5E705D1ECAC82F3D59A","kept"
"00-规范\安全边界.md","00-规范\安全边界.md","D03F7D5280500E39DEB441BE36D9AB0989F9E508CAF759DF84BB378AFBAE5F1A","kept"
"00-规范\结构规范.md","00-规范\结构规范.md","8D6F77AA80105F87EB679B85B7DCDCF70F30E070D471BCFF76AAAD5B86F69F0E","kept"
"00-规范\页面规范.md","00-规范\页面规范.md","814C8A912B6480C719054290D9570CAED58359FC2B28C21FD58B6D15C30B5BFA","kept"
"01-状态\待确认问题.md","01-状态\待确认问题.md","80D05297CBF61A506CFF28EA32D7053F8E0C9733FC2FF309BDE0B160BD503A8D","kept"
"01-状态\当前状态.md","01-状态\当前状态.md","D5E969B02FF635721101D5EAFD097A77DFF3DB498B1E0E64547DF8CC323943CE","kept"
"01-状态\技术债台账.md","01-状态\技术债台账.md","45F2AF6520216F85D7D4E5D93945769153D03BAC8AA700F020526AF119B54F31","kept"
"01-状态\已确认决策.md","01-状态\已确认决策.md","5AE8296250436C1AE6A5E147AB09F0DABFA6A43EA456054917A63686AD20E80E","kept"
"01-状态\资料来源.md","01-状态\资料来源.md","DB66705C088DC2E1FBB7D5E09A7AF15C09485CD7BAD6FE0E5E728C117807161A","kept"
"02-项目总览\环境说明.md","02-项目总览\环境说明.md","D86F58CB5D2548F10F21BAD19B66EE0FE9D43EEBA319AE61CA3F3537B81C1F38","kept"
"02-项目总览\术语表.md","02-项目总览\术语表.md","160C19455019393DB5B3DBF368D1BC7D69849679D3053D94D17F6083575CDD89","kept"
"02-项目总览\系统地图.md","02-项目总览\系统地图.md","156197C548DA9B948911F9086BD0B483E7BDBD5344D781450E000646C90E36A6","kept"
"02-项目总览\项目概览.md","02-项目总览\项目概览.md","66DEA5583B7D7C5DAD4B99CD0BB4E8F7F1370CEE3C02E6B827495B5562B3B91D","kept"
"02-项目总览\验收门禁.md","02-项目总览\验收门禁.md","8CFB3F233BA5FE82E8BAAF6E394740676FBBF5954448296461DC13A4933EA644","kept"
"02-项目总览\业务闭环.md","02-项目总览\业务闭环.md","0064D8E1169D1B1F756BDDDDE90DD14ED03788B4B5FBF1376A2C4183A8EBEAD5","kept"
"03-领域知识\达人域.md","03-领域知识\达人域.md","590A06A16C0F628A90CA5947B54571A54B39F8BBA5DD4AE808D4D5B10C003E3B","kept"
"03-领域知识\订单域.md","03-领域知识\订单域.md","B9962491B448FBE3ADEB2789E9770C5604E642699AD2C86DEE0390E2D6DC62B0","kept"
"03-领域知识\抖音上游接口.md","03-领域知识\抖音上游接口.md","4DB920ED8BF71FC30BD07B8C26995F654E5A9FDFBF721B6B7C8EF808F293584D","kept"
"03-领域知识\寄样域.md","03-领域知识\寄样域.md","A3B8888269459B2E20570E8213AC29EE8E3D50286D646972699ED1C301A3EA08","kept"
"03-领域知识\看板分析域.md","03-领域知识\看板分析域.md","9289B8DCE2E6350A1B5E4C5855A43DB6F77069CBEC1F3D4A1BF225077D90D8A8","kept"
"03-领域知识\商品域.md","03-领域知识\商品域.md","0C20B9AB8F70CA910DBC65EBB6F7BD842E6953C010BF1212A95405B6CD9E1FC6","kept"
"03-领域知识\业绩域.md","03-领域知识\业绩域.md","343E0C96882F965C937EFF0FC673E397D014D3691C45783DFF68E695F5A7017D","kept"
"03-领域知识\用户配置域.md","03-领域知识\用户配置域.md","E91809ABEC7CB4C5BBF670F3A81622EC20FF93EC36795EC9E9AAFFA45C0A5052","kept"
"04-运行流程\查询回答流程.md","04-运行流程\查询回答流程.md","AFDA96DDFA6C4AE661E87C95F1478B08E559F1FB13A0DD7BA00C042108DBDD9B","kept"
"04-运行流程\健康检查流程.md","04-运行流程\健康检查流程.md","5783DAD1C9C71881C5B08BE10FEBB84B91141998857B9E98FB42EF04EE1CE494","kept"
"04-运行流程\任务生命周期.md","04-运行流程\任务生命周期.md","CDA14D4AE8CF98CF07D5C394755A3059E4157FC90052361A28E70F93385EFC7E","kept"
"04-运行流程\资料吸收流程.md","04-运行流程\资料吸收流程.md","23460405A7686A536D8E800494FC498218BDD68B875BD182897C6D9C9EB7181A","kept"
"05-任务管理\任务-001.md","05-任务管理\任务-001.md","E461169E99D0870371BA1E5101CB7E5EA7A42345F59348157B51D7A321C089AF","kept"
"05-任务管理\任务-002.md","05-任务管理\任务-002.md","19B7BB3C3672E70592C6B3BEB1C586D38A4067A29456DF7DADF272DB20528D27","kept"
"05-任务管理\任务-003.md","05-任务管理\任务-003.md","E357EF59173D29A2C115F807B68A1024C1ED17F30D415DBD10E0213F72D78A11","kept"
"05-任务管理\任务-004.md","05-任务管理\任务-004.md","78D63240C012D777115AE34E401ED32F4E5729BC2735A688ACE842975611F4F3","kept"
"05-任务管理\任务-005.md","05-任务管理\任务-005.md","748AE05CDE187A00FD043773E08908F865F2E507D315711C8458C81A4587471F","kept"
"05-任务管理\任务-006.md","05-任务管理\任务-006.md","CBF8CB32182378351057B0975AB5650F272AB4B60930894493DA38B667894EE2","kept"
"05-任务管理\任务队列.md","05-任务管理\任务队列.md","BB5363388723CC3C908694EAAAFBFF5FD22D10C44184C279E0AE363156D7C7A0","kept"
"05-任务管理\任务模板.md","05-任务管理\任务模板.md","16A2799DE7B544A5AB90C74143C50C1CF7C59B89A4CFAD53A5775A6F7AD2A13E","kept"
"05-任务管理\任务总表.md","05-任务管理\任务总表.md","39A0A9DCA7A4772FFC0EC763F4D1358C8BEABB04B4B6FFE4F13970DC32BB65BD","kept"
"06-报告证据\报告-001.md","06-报告证据\报告-001.md","14FD9B907DE724E8EF4E855F92526E07A4A87D5B46891223FAD3206F00005202","kept"
"06-报告证据\报告-002.md","06-报告证据\报告-002.md","E944F6ADC7A0D825ACD9448818E4E0B573AAAEFFA73DB8A6EE6C8908CF6EB7B4","kept"
"06-报告证据\报告-003.md","06-报告证据\报告-003.md","0D96F15BA2DC97BB9582A983BB0134325C9EC4A45BEBBF0E15CB28BB59A79129","kept"
"06-报告证据\报告-004.md","06-报告证据\报告-004.md","45B830FA7A01DACD688C30DEDF32F826DAFD145C91C7F2261F485FA8BA1953E3","kept"
"06-报告证据\报告-005.md","06-报告证据\报告-005.md","7A5CCBFE32EB154185D9807D595551C5CFD792B0D07A72D4DDE383E8C0E2454B","kept"
"06-报告证据\报告模板.md","06-报告证据\报告模板.md","05675B8D34BB540A6AD4DB9C92C9A1AE8129FDB24919C46E904F74A5ED1816B9","kept"
"06-报告证据\报告索引.md","06-报告证据\报告索引.md","8A121E29BFF2C9FB9E4F5EB63619705D917206A2E9EA775776416D5193772CF6","kept"
"07-脚本\brain_lint.py","07-脚本\brain_lint.py","75C31C28DD20FE712272A413D80CB72AAF5EBFAB43FB6169ACABD6041CB39378","kept"
"07-脚本\brain_search.py","07-脚本\brain_search.py","115C71B29E5AD1EB422E17FD249838B4A573803CCC0704A75E13F7DDEBAEA838","kept"
"07-脚本\line_guard.py","07-脚本\line_guard.py","A7B70EBBE9C9D7EDBD4BE5C74F02230BE63B4E9D9BD30F416BC557A98AF0D390","kept"
"08-模板\页面模板.md","08-模板\页面模板.md","B13253987158E37DD8E4F103E079F9D772C310F3E48FA1E4346F61EA9C6E3A3C","kept"
"08-模板\资料来源模板.md","08-模板\资料来源模板.md","A045884DAA19C21CD96CC63C216DEF44FBF5FE5C63A54467BC9A5281DA13415D","kept"
